{"cameraMode":{"drawMode":0,"name":"Shaded","section":"Shading Mode"},"sceneLighting":true,"audioPlay":false,"sceneViewState":{"m_AlwaysRefresh":false,"showFog":true,"showSkybox":true,"showFlares":true,"showImageEffects":true,"showParticleSystems":true,"showVisualEffectGraphs":true,"m_FxEnabled":true},"in2DMode":false,"pivot":{"x":-2.9615836143493654,"y":11.366006851196289,"z":-23.550878524780275},"rotation":{"x":-0.30491694808006289,"y":-0.01854892261326313,"z":0.00597247714176774,"w":-0.952211320400238},"size":12.12435531616211,"orthographic":false}